"card_pt","audio_file"
"a província","a-provincia.mp3"
"o estado","o-estado.mp3"
"a nação","a-nacao.mp3"
"a região autónoma","a-regiao-autonoma.mp3"
"a população","a-populacao.mp3"
"rural","rural.mp3"
"urbano","urbano.mp3"
"o centro","o-centro.mp3"
"os subúrbios","os-suburbios.mp3"
"a fonte","a-fonte.mp3"
"o monumento","o-monumento.mp3"
"a estátua","a-estatua.mp3"
"a ponte","a-ponte.mp3"
"o viaduto","o-viaduto.mp3"
"a autoestrada","a-autoestrada.mp3"
"o passeio","o-passeio.mp3"
"a zona industrial","a-zona-industrial.mp3"
"a zona residencial","a-zona-residencial.mp3"
"a catedral","a-catedral.mp3"
"o castelo","o-castelo.mp3"
"a esquadra da polícia","a-esquadra-da-policia.mp3"
"o quartel de bombeiros","o-quartel-de-bombeiros.mp3"
"a quinta","a-quinta.mp3"
"a terra de cultivo","a-terra-de-cultivo.mp3"
"a horta","a-horta.mp3"
"a agricultura","a-agricultura.mp3"
"internacional","internacional.mp3"
"nacional","nacional.mp3"
"regional","regional.mp3"
"o emigrante / a emigrante","o-emigrante-a-emigrante.mp3"
"o imigrante / a imigrante","o-imigrante-a-imigrante.mp3"
"a mata","a-mata.mp3"
"a planície","a-planicie.mp3"
"o ribeiro","o-ribeiro.mp3"
"a beira-mar","a-beira-mar.mp3"
"a ilha","a-ilha.mp3"
"a península","a-peninsula.mp3"
"a colina","a-colina.mp3"
"o vale","o-vale.mp3"
"a geografia","a-geografia.mp3"
"a terra","a-terra.mp3"
"o solo","o-solo.mp3"
"o Polo Norte","o-polo-norte.mp3"
"o Polo Sul","o-polo-sul.mp3"
"o oriente","o-oriente.mp3"
"o ocidente","o-ocidente.mp3"
"oriental","oriental.mp3"
"ocidental","ocidental.mp3"
"o inseto","o-inseto.mp3"
"a ave","a-ave.mp3"
"o réptil","o-reptil.mp3"
"o mamífero","o-mamifero.mp3"
"o bicho","o-bicho.mp3"
"a aranha","a-aranha.mp3"
"o pato / a pata","o-pato-a-pata.mp3"
"o borrego","o-borrego.mp3"
"a ovelha","a-ovelha.mp3"
"o burro / a burra","o-burro-a-burra.mp3"
"o leão","o-leao.mp3"
"a leoa","a-leoa.mp3"
"o tigre","o-tigre.mp3"
"o elefante","o-elefante.mp3"
"o golfinho","o-golfinho.mp3"
"a águia","a-aguia.mp3"
"o arbusto","o-arbusto.mp3"
"a plantação","a-plantacao.mp3"
"as árvores de fruto","as-arvores-de-fruto.mp3"
"a relva","a-relva.mp3"
"a alga","a-alga.mp3"
"a hortaliça","a-hortalica.mp3"
"o tronco","o-tronco.mp3"
"o ramo","o-ramo.mp3"
"a raiz","a-raiz.mp3"
"a semente","a-semente.mp3"
"o eucalipto","o-eucalipto.mp3"
"a videira","a-videira.mp3"
"a laranjeira","a-laranjeira.mp3"
"o pinhal","o-pinhal.mp3"
"o pomar","o-pomar.mp3"
"a vinha","a-vinha.mp3"
"a previsão do estado do tempo","a-previsao-do-estado-do-tempo.mp3"
"a estação (do ano)","a-estacao.mp3"
"o granizo","o-granizo.mp3"
"o gelo","o-gelo.mp3"
"o chuvisco","o-chuvisco.mp3"
"a geada","a-geada.mp3"
"o trovão","o-trovao.mp3"
"o furacão","o-furacao.mp3"
"a inundação","a-inundacao.mp3"
"o temporal","o-temporal.mp3"
"o clima seco","o-clima-seco.mp3"
"o clima húmido","o-clima-humido.mp3"
"estar nublado","estar-nublado.mp3"
"estar enevoado","estar-enevoado.mp3"
"estar de chuva","estar-de-chuva.mp3"
"estar X graus","estar-x-graus.mp3"
"a estação ferroviária","a-estacao-ferroviaria.mp3"
"a estação rodoviária","a-estacao-rodoviaria.mp3"
